[
    {
        "bird": "Black Redstart",
        "city": "Bhopal,Gandhinagar",
        "category": "Migrant",
        "img1": "https://upload.wikimedia.org/wikipedia/commons/d/de/Phoenicurus_ochruros_231919368.webp",
        "img2": "https://upload.wikimedia.org/wikipedia/commons/5/5a/Black_Redstart_%28Phoenicurus_ochruros%29_%2850788953656%29.webp",
        "when": "6 December - 22 February",
        "fact": "Known as 'bombsite birds' after their population increased in some parts after world war 2. Bombed buildings resembled the bird's cliff habitats, which led to nesting.",
        "img1url": "Phoenicurusochruros-img1.webp",
        "img2url": "BlackRedstartPhoenicurusochruros-img2.webp",
        "thlink": "https://www.thehindu.com/sci-tech/energy-and-environment/the-bird-to-catch-before-march-ends/article30989567.ece"
    },
    {
        "bird": "Indian Golden Oriole",
        "city": "Bhopal,Gandhinagar,Kolkata",
        "category": "Migrant",
        "img1": "https://upload.wikimedia.org/wikipedia/commons/5/5b/Golden_Oriole_%28Oriolus_oriolus%29_%2835634174602%29.webp",
        "img2": "https://upload.wikimedia.org/wikipedia/commons/6/66/Golden_Oriole_%28Oriolus_oriolus%29_%2815709608430%29.webp",
        "when": "Year-round (Within India migrant) (Winter migrant in parts of South India)",
        "fact": "Their bright yellow plumage glitters \"like gold\" in the early morning sun, birders say",
        "img1url": "GoldenOrioleOriolusoriolus-img1.webp",
        "img2url": "GoldenOrioleOriolusoriolus-img2.webp",
        "thlink": "https://www.thehindu.com/features/metroplus/bird-watching-in-bengaluru/article8547415.ece"
    },
    {
        "bird": "Red-breasted Flycatcher",
        "city": "Bhopal,Gandhinagar",
        "category": "Migrant",
        "img1": "https://upload.wikimedia.org/wikipedia/commons/3/38/Anonymous_bird.webp",
        "img2": "https://upload.wikimedia.org/wikipedia/commons/7/74/Red_brested_flycatcher_by_David_Raju_%28cropped%29.webp",
        "when": "7 December - 22 February",
        "fact": "The bird has incredible hunting skills, pursuing insects in circular flights and returning to the same perch",
        "img1url": "Anonymousbird-img1.webp",
        "img2url": "Anonymousbird-img2.webp",
        "thlink": "https://www.thehindu.com/sci-tech/energy-and-environment/the-red-breasted-flycatcher-is-a-small-but-feisty-visitor-to-delhi/article30929405.ece"
    },
    {
        "bird": "Lesser Whitethroat",
        "city": "Bhopal,Gandhinagar",
        "category": "Migrant",
        "img1": "https://upload.wikimedia.org/wikipedia/commons/2/2b/Sylvia_curruca_1_%28Martin_Mecnarowski%29.webp",
        "img2": "https://upload.wikimedia.org/wikipedia/commons/6/69/Lesser_whitethroat_%2848801911363%29.webp",
        "when": "22 November - 1 March",
        "fact": "According to references, the bird was possibly one of the earliest described warblers, by Carl Linnaeus, a Swedish naturalist who laid the foundation for binomial nomenclature (the system of naming organisms) and is known as the ‘father of modern taxonomy’.",
        "img1url": "SylviacurrucaMartinMecnarowski-img1.webp",
        "img2url": "Lesserwhitethroat-img2.webp",
        "thlink": "https://www.thehindu.com/sci-tech/energy-and-environment/lesser-whitethroat-migrates-from-europe-to-delhi-in-winter/article32799724.ece"
    },
    {
        "bird": "Eurasian Hoopoe",
        "city": "Bhopal,Gandhinagar,Raipur",
        "category": "Migrant",
        "img1": "https://upload.wikimedia.org/wikipedia/commons/7/72/027_Wild_Eurasian_hoopoe_in_flight_at_Pfyn-Finges_Photo_by_Giles_Laurent.webp",
        "img2": "https://upload.wikimedia.org/wikipedia/commons/2/25/Common_Hoopoe_%28Upapa_epops%29_at_Hodal_I_IMG_9225.webp",
        "when": "Peaks between 9 November - 1 February (Within India migrant)",
        "fact": "The bird keeps its nest dirty and foul-smelling with excrement and a secretion released by the female bird to ward off predators",
        "img1url": "WildEurasianhoopoeinflightatPfynFingesPhotobyGilesLaurent-img1.webp",
        "img2url": "WildEurasianhoopoeinflightatPfynFingesPhotobyGilesLaurent-img2.webp",
        "thlink": "https://www.thehindu.com/features/metroplus/watch-out-for-the-exotically-colourful-hoopoe-birds-in-bangalore/article6345050.ece"
    },
    {
        "bird": "Barn Swallow",
        "city": "Bhopal,Raipur,Chennai",
        "category": "Migrant",
        "img1": "https://upload.wikimedia.org/wikipedia/commons/3/33/%D0%94%D0%B5%D1%80%D0%B5%D0%B2%D0%B5%D0%BD%D1%81%D0%BA%D0%B0%D1%8F_%D0%BB%D0%B0%D1%81%D1%82%D0%BE%D1%87%D0%BA%D0%B0_%28Hirundo_rustica%29%2C_%D0%9C%D0%B5%D0%BB%D0%B8%D1%85%D0%BE%D0%B2%D0%BE.webp",
        "img2": "https://upload.wikimedia.org/wikipedia/commons/a/a5/BARN_SWALLOW.webp",
        "when": "Peaks between 6 December - 18 January",
        "fact": "Unlike other birds that seek natural settings far away from humans to raise their young, barn swallows, as their name suggests, seem to idealise human-made structures.",
        "img1url": "DDBDDBDBDBDBDDDBADBDFDBBDBDDDBEDDBADBHirundorusticaCDCDBDBBDBDDBEDBDBE-img1.webp",
        "img2url": "BARNSWALLOW-img2.webp",
        "thlink": "https://www.thehindu.com/sci-tech/energy-and-environment/ducking-shoppers-and-hidden-barn-swallows-in-the-himalayas/article22245734.ece"
    },
    {
        "bird": "Siberian Stonechat",
        "city": "Bhopal",
        "category": "Migrant",
        "img1": "https://upload.wikimedia.org/wikipedia/commons/6/69/Siberian_stonechat_male_6_%28Saxicola_maurus%29_%E0%B4%9A%E0%B4%B0%E0%B5%BD%E0%B4%95%E0%B5%8D%E0%B4%95%E0%B5%81%E0%B4%B0%E0%B5%81%E0%B4%B5%E0%B4%BF_.webp",
        "img2": "https://upload.wikimedia.org/wikipedia/commons/e/e8/A_Siberian_Stonechat_taking_off._%2850437672586%29.webp",
        "when": "30 November  - 15 February",
        "fact": "The stonechat got its name because its call sounds like two little pebbles rubbing together.",
        "img1url": "SiberianstonechatmaleSaxicolamaurusEBAEBBEBBDEBEBDEBEBEBBEBEBBEBBF-img1.webp",
        "img2url": "SiberianstonechatmaleSaxicolamaurusEBAEBBEBBDEBEBDEBEBEBBEBEBBEBBF-img2.webp"
    },
    {
        "bird": "Common Sandpiper",
        "city": "Bhopal,Gandhinagar,Raipur,Chennai,Lakshadweep",
        "category": "Migrant",
        "img1": "https://upload.wikimedia.org/wikipedia/commons/a/a7/Actitis_hypoleucos_-_Laem_Pak_Bia.webp",
        "img2": "https://upload.wikimedia.org/wikipedia/commons/7/7e/Common_sandpiper_39.webp",
        "when": "22 November - 1 March (Year-round in large parts of Gujarat)",
        "fact": "Sandpipers have a characteristic bobbing gait, like a pigeon. Along with a bobbing head, Sandpipers also move their rears up and down.",
        "img1url": "ActitishypoleucosLaemPakBia-img1.webp",
        "img2url": "Commonsandpiper-img2.webp"
    },
    {
        "bird": "Green Sandpiper",
        "city": "Raipur,Bhopal",
        "category": "Migrant",
        "img1": "https://upload.wikimedia.org/wikipedia/commons/d/d6/Green_Sandpiper_%28Tringa_ochropus%29_%2849250145666%29.webp",
        "img2": "https://upload.wikimedia.org/wikipedia/commons/3/37/Green_Sandpiper_%2850170135888%29.webp",
        "when": "18 January - 22 February",
        "fact": "Sandpipers have a characteristic bobbing gait, like a pigeon. Along with a bobbing head, Sandpipers also move their rears up and down.",
        "img1url": "GreenSandpiperTringaochropus-img1.webp",
        "img2url": "GreenSandpiper-img2.webp"
    },
    {
        "bird": "Grey Wagtail",
        "city": "Bhopal,Gandhinagar,Raipur",
        "category": "Migrant",
        "img1": "https://upload.wikimedia.org/wikipedia/commons/1/19/Grey_wagtail_at_Tenn%C5%8Dji_Park_in_Osaka%2C_November_2016_-_890.webp",
        "img2": "https://upload.wikimedia.org/wikipedia/commons/4/44/Alpispa_%28Motacilla_cinerea_canariensis%29_%284650299857%29.webp",
        "when": "8 November - 15 February",
        "fact": "Grey wagtails wag their tails up and down while walking or even when sitting still",
        "img1url": "GreywagtailatTennCDjiParkinOsakaCNovember-img1.webp",
        "img2url": "AlpispaMotacillacinereacanariensis-img2.webp",
        "thlink": "https://www.thehindu.com/news/cities/Coimbatore/this-tamil-nadu-hill-station-welcomes-winter-migrant-grey-wagtail-with-posters/article32588087.ece"
    },
    {
        "bird": "Rosy Starling",
        "city": "Gandhinagar",
        "category": "Migrant",
        "img1": "https://upload.wikimedia.org/wikipedia/commons/f/f6/Rosy_Starling_Adult_AMSM3417_RSTAR.webp",
        "img2": "https://upload.wikimedia.org/wikipedia/commons/1/11/Rosy_Starling_%28Pastor_roseus%29_%2850062895348%29.webp",
        "when": "19 October - 29 March",
        "fact": "Huge flocks of these starlings often indulge in a mass aerial stunt where thousands of birds swoop and dive in unison — called starling murmuration - (at dawn and dusk)",
        "img1url": "RosyStarlingAdultAMSMRSTAR-img1.webp",
        "img2url": "RosyStarlingPastorroseus-img2.webp",
        "thlink": "https://www.thehindu.com/news/cities/Coimbatore/this-tamil-nadu-hill-station-welcomes-winter-migrant-grey-wagtail-with-posters/article32588087.ece"
    },
    {
        "bird": "Common Chiffchaff",
        "city": "Gandhinagar",
        "category": "Migrant",
        "img1": "https://upload.wikimedia.org/wikipedia/commons/a/a6/Phylloscopus_collybita_%28taxobox%29.webp",
        "img2": "https://upload.wikimedia.org/wikipedia/commons/6/64/Common_Chiffchaff_%28Phylloscopus_collybita%29_%2849048620143%29.webp",
        "when": "6 December - 8 February (Not seen commonly in south india)",
        "fact": "In its breeding time, the song of the bird resembles a two-note high-pitched sharp and rhythmic ‘ chiff-chaff-chiff-chaff-chiff-chaff ’.",
        "img1url": "Phylloscopuscollybitataxobox-img1.webp",
        "img2url": "CommonChiffchaffPhylloscopuscollybita-img2.webp",
        "thlink": "https://www.thehindu.com/news/cities/Coimbatore/this-tamil-nadu-hill-station-welcomes-winter-migrant-grey-wagtail-with-posters/article32588087.ece"
    },
    {
        "bird": "Ashy Drongo",
        "city": "Gandhinagar",
        "category": "Migrant",
        "img1": "https://upload.wikimedia.org/wikipedia/commons/f/f7/Ashy_drongo_bird_photo.webp",
        "img2": "https://upload.wikimedia.org/wikipedia/commons/5/57/Ashy_Drongo_%28Dicrurus_leucophaeus%29.webp",
        "when": "2 November - 15 March (seen year-round in some parts in Central India)",
        "fact": "Drongos can mimic the sounds of other birds to ward off other birds or steal prey from other birds",
        "img1url": "Ashydrongobirdphoto-img1.webp",
        "img2url": "AshyDrongoDicrurusleucophaeus-img2.webp",
        "thlink": "https://www.thehindu.com/news/cities/Coimbatore/this-tamil-nadu-hill-station-welcomes-winter-migrant-grey-wagtail-with-posters/article32588087.ece"
    },
    {
        "bird": "Taiga Flycatcher",
        "city": "Kolkata",
        "category": "Migrant",
        "img1": "https://upload.wikimedia.org/wikipedia/commons/5/55/Taiga_flycatcher_12.webp",
        "img2": "https://upload.wikimedia.org/wikipedia/commons/0/02/Taiga_Flycatcher_AMSM4410.webp",
        "when": "23 November - 1 March (seen maximum in east and northeast India)",
        "fact": "Both the red-breasted and taiga flycatchers flick their tails in quick characterstic jerks.",
        "img1url": "Taigaflycatcher-img1.webp",
        "img2url": "TaigaFlycatcherAMSM-img2.webp"
    },
    {
        "bird": "Black-naped Oriole",
        "city": "Kolkata",
        "category": "Migrant",
        "img1": "https://upload.wikimedia.org/wikipedia/commons/8/8a/Black-naped_Oriole_eyeing_on_Lannea_coromandelica_fruits_W_IMG_7458.webp",
        "img2": "https://upload.wikimedia.org/wikipedia/commons/a/a8/Black-naped_oriole_%2844298827100%29.webp",
        "when": "16 November - 29 March (seen along India's coastline mostly)",
        "fact": "Black-naped orioles get their name from the black stripe that goes around their napes to around their eyes",
        "img1url": "BlacknapedOrioleeyeingonLanneacoromandelicafruitsWIMG-img1.webp",
        "img2url": "Blacknapedoriole-img2.webp"
    },
    {
        "bird": "Blyth's Reed Warbler",
        "city": "Kolkata,Raipur,Chennai",
        "category": "Migrant",
        "img1": "https://upload.wikimedia.org/wikipedia/commons/3/33/Blyth%27s_Reed_Warbler_I2_IMG_9417.webp",
        "img2": "https://upload.wikimedia.org/wikipedia/commons/6/66/Blyth%27s_Reed_Warbler_Acrocephalus_dumetorum_by_Dr._Raju_Kasambe_DSCN3187_%283%29.webp",
        "when": "1 November - 29 March ",
        "fact": "Named after British zoologist Edward Blyth",
        "img1url": "BlythsReedWarblerIIMG-img1.webp",
        "img2url": "BlythsReedWarblerAcrocephalusdumetorumbyDrRajuKasambeDSCN-img2.webp"
    },
    {
        "bird": "Brown-breasted Flycatcher",
        "city": "Kolkata",
        "category": "Migrant",
        "img1": "https://upload.wikimedia.org/wikipedia/commons/7/70/Muscicapa_muttui.webp",
        "when": "7 December - 3 May (Southern and Central parts see population till February, Eastern and Northeastern parts see population between February end and May beginning)",
        "fact": "Both the red-breasted and taiga flycatchers flick their tails in quick characterstic jerks.",
        "img1url": "Muscicapamuttui-img1.webp"
    },
    {
        "bird": "Greenish Warbler",
        "city": "Kolkata,Raipur",
        "category": "Migrant",
        "img1": "https://upload.wikimedia.org/wikipedia/commons/e/e0/Flickr_-_Rainbirder_-_Wood_Warbler_%28Phylloscopus_sibilatrix%29.webp",
        "img2": "https://upload.wikimedia.org/wikipedia/commons/e/e0/Flickr_-_Rainbirder_-_Wood_Warbler_%28Phylloscopus_sibilatrix%29.webp",
        "when": "23 November - 29 March (Seen most along coastline, East and northeast India)",
        "fact": "A 'warbler' means a singer. Some warbler species have musical calls",
        "img1url": "FlickrRainbirderWoodWarblerPhylloscopussibilatrix-img1.webp",
        "img2url": "FlickrRainbirderWoodWarblerPhylloscopussibilatrix-img2.webp"
    },
    {
        "bird": "Blue-throated Flycatcher",
        "city": "Kolkata",
        "category": "Migrant",
        "img1": "https://upload.wikimedia.org/wikipedia/commons/6/65/Blue-throated_Blue_Flycatcher_by_Rupal_Vaidya.webp",
        "img2": "https://upload.wikimedia.org/wikipedia/commons/b/b1/Tickell%27s_Blue_Flycatcher_%286958323672%29.webp",
        "when": "Year-round (Within India migrant)",
        "fact": "While males have an actual blue throat, females are brown and orange instead",
        "img1url": "BluethroatedBlueFlycatcherbyRupalVaidya-img1.webp",
        "img2url": "TickellsBlueFlycatcher-img2.webp"
    },
    {
        "bird": "Verditer Flycatcher",
        "city": "Kolkata",
        "category": "Migrant",
        "img1": "https://upload.wikimedia.org/wikipedia/commons/4/41/Verditer_Flycatcher_%28Eumyias_thalassinus%29_Photograph_by_Shantanu_Kuveskar.webp",
        "img2": "https://upload.wikimedia.org/wikipedia/commons/e/e6/Verditer_flycatcher_Nepal.webp",
        "when": "7 December - 8 February",
        "fact": "Verditer is the name of a pigment. The bird's plumage resembles this pigment's colour.",
        "img1url": "VerditerFlycatcherEumyiasthalassinusPhotographbyShantanuKuveskar-img1.webp",
        "img2url": "VerditerflycatcherNepal-img2.webp"
    },
    {
        "bird": "Yellow-browed Warbler",
        "city": "Kolkata",
        "category": "Migrant",
        "img1": "https://upload.wikimedia.org/wikipedia/commons/0/01/Phylloscopus_inornatus_232891737.webp",
        "img2": "https://upload.wikimedia.org/wikipedia/commons/d/d4/Yellow-browed_Warbler_%28Phylloscopus_inornatus%29_-_geograph.org.uk_-_419136.webp",
        "when": "14 December  - 8 March (Relatively smaller proportion of the population are spotted in India during winter, especially in east and northeast India)",
        "fact": "A 'warbler' means a singer. Some warbler species have musical calls",
        "img1url": "Phylloscopusinornatus-img1.webp",
        "img2url": "YellowbrowedWarblerPhylloscopusinornatusgeographorguk-img2.webp"
    },
    {
        "bird": "White Wagtail",
        "city": "Kolkata,Raipur",
        "category": "Migrant",
        "img1": "https://upload.wikimedia.org/wikipedia/commons/5/55/White-Wagtail.webp",
        "img2": "https://upload.wikimedia.org/wikipedia/commons/8/83/Motacilla_alba_-_White_wagtail%2C_Kahramanmara%C5%9F_2016-11-18_01-5.webp",
        "when": "30 November - 8 February (more population in north and east India)",
        "fact": "Wagtails wag their tails up and down while walking or even when sitting still",
        "img1url": "WhiteWagtail-img1.webp",
        "img2url": "MotacillaalbaWhitewagtailCKahramanmaraCF-img2.webp"
    },
    {
        "bird": "Wood Sandpiper",
        "city": "Raipur,Chennai",
        "category": "Migrant",
        "img1": "https://upload.wikimedia.org/wikipedia/commons/d/d8/Wood_sandpiper_%28Tringa_glareola%29.webp",
        "img2": "https://upload.wikimedia.org/wikipedia/commons/3/3f/Wood_Sandpiper_%28Tringa_glareola%29_%2851339014567%29.webp",
        "when": "Year-round in northwest and north India, wintering in other parts (28 December - 18 January)",
        "fact": "Sandpipers have a characteristic bobbing gait, like a pigeon. Along with a bobbing head, Sandpipers also move their rears up and down.",
        "img1url": "WoodsandpiperTringaglareola-img1.webp",
        "img2url": "WoodSandpiperTringaglareola-img2.webp"
    },
    {
        "bird": "Blue-tailed Bee-eater",
        "city": "Chennai",
        "category": "Migrant",
        "img1": "https://upload.wikimedia.org/wikipedia/commons/3/37/Blue-tailed_Bee-eater%2C_Yala_NP%2C_Sri_Lanka.webp",
        "img2": "https://upload.wikimedia.org/wikipedia/commons/c/cc/Blue-tailed_Bee-eater_%28Merops_philippinus%29_%2827380721057%29.webp",
        "when": "Year-round along eastern India coast, south India and parts of northeast and central India, Breeds (May end to August end) in north and North-western India",
        "fact": "These birds specialise in catching insects that other birds find unappetising or dangerous.",
        "img1url": "BluetailedBeeeaterCYalaNPCSriLanka-img1.webp",
        "img2url": "BluetailedBeeeaterMeropsphilippinus-img2.webp",
        "thlink": "https://www.thehindu.com/features/metroplus/these-birds-are-blue/article7896059.ece"
    },
    {
        "bird": "Western Yellow Wagtail",
        "city": "Chennai",
        "category": "Migrant",
        "img1": "https://upload.wikimedia.org/wikipedia/commons/6/67/Wiesenschafstelze.webp",
        "img2": "https://upload.wikimedia.org/wikipedia/commons/2/2f/Western_yellow_wagtail_%28Motacilla_flava%29_%284848937663%29.webp",
        "when": "7 December - 3 May (Spends some of pre-breeding migratory season in India - from 1 February to 31 May)",
        "fact": "Wagtails wag their tails up and down while walking or even when sitting still",
        "img1url": "Wiesenschafstelze-img1.webp",
        "img2url": "WesternyellowwagtailMotacillaflava-img2.webp"
    },
    {
        "bird": "Whiskered Tern",
        "city": "Chennai",
        "category": "Migrant",
        "img1": "https://upload.wikimedia.org/wikipedia/commons/b/be/Chlidonias_hybrida%2C_whiskered_tern_-_Bang_Pu_-_Bangkok_%2811721537076%29.webp",
        "img2": "https://upload.wikimedia.org/wikipedia/commons/0/0c/Chlidonias_hybrida_-_Laem_Phak_Bia.webp",
        "fact": "The bird gets its name from the whisker-like appearance of the white feathers under their eyes beneath the black head feathers",
        "img1url": "ChlidoniashybridaCwhiskeredternBangPuBangkok-img1.webp",
        "img2url": "ChlidoniashybridaLaemPhakBia-img2.webp"
    },
    {
        "bird": "Citrine Wagtail",
        "city": "Chennai",
        "category": "Migrant",
        "img1": "https://upload.wikimedia.org/wikipedia/commons/c/cd/Motacilla_citreola_2.webp",
        "img2": "https://upload.wikimedia.org/wikipedia/commons/a/a5/Citrine_wagtail_David_Raju.webp",
        "when": "9 November  - 8 March",
        "fact": "Wagtails wag their tails up and down while walking or even when sitting still",
        "img1url": "Motacillacitreola-img1.webp",
        "img2url": "CitrinewagtailDavidRaju-img2.webp"
    },
    {
        "bird": "Brown Shrike",
        "city": "Chennai",
        "category": "Migrant",
        "img1": "https://upload.wikimedia.org/wikipedia/commons/6/65/Brown_Shrike_%28Lanius_cristatus%29-_Immature_in_Kolkata_I_IMG_0147.webp",
        "img2": "https://upload.wikimedia.org/wikipedia/commons/b/bb/Brown_Shrike_Lanius_cristatus_%28Linnaeus%2C_1758%29_%2815734894193%29.webp",
        "when": "29 November - 29 March",
        "fact": "Shrikes are called \"butcher birds\" since they pierce their prey through a sharp object (wire or sharp branches) to hold them in place while they take small bites.",
        "img1url": "BrownShrikeLaniuscristatusImmatureinKolkataIIMG-img1.webp",
        "img2url": "BrownShrikeLaniuscristatusLinnaeusC-img2.webp"
    },
    {
        "bird": "Purple Heron",
        "city": "Ahmedabad",
        "category": "Common birds",
        "img1": "https://upload.wikimedia.org/wikipedia/commons/b/b2/SL_Bundala_NP_asv2020-01_img04.jpg",
        "img2": "https://upload.wikimedia.org/wikipedia/commons/d/d8/Ardea_purpurea_-Lake_Baringo%2C_Great_Rift_Valley%2C_Kenya_-adult_and_chicks-8.jpg",
        "fact": "While purple herons are not averse to breeding in mixed breeding colonies of waterbirds, it seeks a patch of quiet even in the madding crowd.",
        "img1url": "Purple-Heron-img1.webp",
        "img2url": "Purple-Heron-img2.webp",
        "thlink": "https://www.thehindu.com/sci-tech/energy-and-environment/a-heron-at-home-on-an-it-corridor/article35673817.ece"
    },
    {
        "bird": "Cattle Egret",
        "audio": "Eastern-Cattle-Egret.mp3",
        "city": "Ahmedabad,Mumbai",
        "category": "Common birds",
        "img1": "https://upload.wikimedia.org/wikipedia/commons/4/40/Eastern_Cattle_Egret_Bubulcus_coromandus%2C_in_breeding_plumage%2C_Kerala.webp",
        "img2": "https://upload.wikimedia.org/wikipedia/commons/f/ff/Cattle_Egret_%28Bubulcus_ibis%29_%E0%A4%B5%E0%A4%B8%E0%A5%8D%E0%A4%A4%E0%A5%81_%E0%A4%AC%E0%A4%95%E0%A5%81%E0%A4%B2%E0%A5%8D%E0%A4%B2%E0%A4%BE.webp",
        "fact": "Cattle egrets are named after the way they stick close to cattle and large animals to feed on insects that the animals shake off their skin.",
        "img1url": "EasternCattleEgretBubulcuscoromandusCinbreedingplumageCKerala-img1.webp",
        "img2url": "CattleEgretBubulcusibisEABEABEADEAAEAEAACEAEAEABEADEABEABE-img2.webp"
    },
    {
        "bird": "Indian Pond Heron",
        "city": "Raipur,Thiruvananthapuram,Mumbai,Bhopal,Jaipur,Chennai,Kolkata,Lakshadweep",
        "category": "Common birds",
        "img1": "https://upload.wikimedia.org/wikipedia/commons/e/ea/Indian_pond_heron_or_paddybird%2C_%28Ardeola_grayii%29.webp",
        "img2": "https://upload.wikimedia.org/wikipedia/commons/2/27/Indian_pond_heron_4_breeding_plumage_%28Ardeola_grayii%29_%E0%B4%95%E0%B5%81%E0%B4%B3%E0%B4%95%E0%B5%8D%E0%B4%95%E0%B5%8A%E0%B4%95%E0%B5%8D%E0%B4%95%E0%B5%8D_.webp",
        "fact": "Although an adult's plumage when not in flight is brownish, Indian Pond Herons are known to look white when in flight due to their wing colour",
        "img1url": "IndianpondheronorpaddybirdCArdeolagrayii-img1.webp",
        "img2url": "IndianpondheronbreedingplumageArdeolagrayiiEBEBEBBEBEBDEBEBAEBEBDEBEBD-img2.webp"
    },
    {
        "bird": "Laughing Dove",
        "city": "Jaipur,Raipur,Bhopal",
        "category": "Common birds",
        "img1": "https://upload.wikimedia.org/wikipedia/commons/0/0f/Laughing_Dove_on_a_branch_%28Spilopelia_senegalensis%29.webp",
        "img2": "https://upload.wikimedia.org/wikipedia/commons/f/f8/Spilopelia_senegalensis_-_Laughing_Dove_-_K%C3%BC%C3%A7%C3%BCk_kumru_09.webp",
        "fact": "Laughing Dove is named after its call, which sounds like laughter",
        "img1url": "LaughingDoveonabranchSpilopeliasenegalensis-img1.webp",
        "img2url": "SpilopeliasenegalensisLaughingDoveKCBCCACBCkkumru-img2.webp"
    },
    {
        "bird": "Black Drongo",
        "city": "Ahmedabad,Raipur,Bengaluru,Jaipur,Gandhinagar",
        "category": "Common birds",
        "img1": "https://upload.wikimedia.org/wikipedia/commons/f/f0/Black_drongo_%28Dicrurus_macrocercus%29_bird.webp",
        "img2": "https://upload.wikimedia.org/wikipedia/commons/0/0f/Black_drongo_%28Dicrurus_macrocercus%292_%2823200420030%29.webp",
        "fact": "Very aggressive, will attack larger predator animals and birds to drive them away",
        "img1url": "BlackdrongoDicrurusmacrocercusbird-img1.webp",
        "img2url": "BlackdrongoDicrurusmacrocercus-img2.webp",
        "thlink": "https://www.thehindu.com/sci-tech/energy-and-environment/on-the-belligerent-black-drongo/article30700617.ece"
    },
    {
        "bird": "Eurasian Collared Dove",
        "audio": "Eurasian-Collared-Dove.mp3",
        "city": "Ahmedabad,Raipur,Jaipur,Gandhinagar",
        "category": "Common birds",
        "img1": "https://upload.wikimedia.org/wikipedia/commons/4/41/Eurasian_Collared_Dove%2C_Chittagong%2C_Bangladesh_%E0%A6%95%E0%A6%A8%E0%A7%8D%E0%A6%A0%E0%A7%80_%E0%A6%98%E0%A7%81%E0%A6%98%E0%A7%81.webp",
        "img2": "https://upload.wikimedia.org/wikipedia/commons/8/81/Collared_Dove_%28Streptopelia_decaocto%29.webp",
        "fact": "These birds are so named because of the collar-like dark feathers around the back of their necks",
        "img1url": "EurasianCollaredDoveCChittagongCBangladeshEAEAAEADEAAEAEAEAEAEA-img1.webp",
        "img2url": "CollaredDoveStreptopeliadecaocto-img2.webp"
    },
    {
        "bird": "Little Cormorant",
        "city": "Raipur,Chennai,Kolkata,Raipur",
        "category": "Common birds",
        "img1": "https://upload.wikimedia.org/wikipedia/commons/9/9c/Little_Cormorant_%28Microcarbo_niger%29_-_Lip_Kee.webp",
        "img2": "https://upload.wikimedia.org/wikipedia/commons/6/6d/Little_Cormorant_%28Microcarbo_niger%29_%2830371711745%29.webp",
        "fact": "Their webbed feet make for easy diving and movement in water",
        "img1url": "LittleCormorantMicrocarbonigerLipKee-img1.webp",
        "img2url": "LittleCormorantMicrocarboniger-img2.webp"
    },
    {
        "bird": "White-throated Kingfisher",
        "city": "Raipur,Thiruvananthapuram,Bhopal,Kolkata,Chennai",
        "category": "Common birds",
        "img1": "https://upload.wikimedia.org/wikipedia/commons/0/06/Halcyon_smyrnensis_-Kerala%2C_India-8_%281%29.webp",
        "img2": "https://upload.wikimedia.org/wikipedia/commons/a/ad/White-throated_Kingfisher_%28Halcyon_smyrnensis%29_%40_Nilambur.webp",
        "fact": "Most kingfishers feed on fish, but this bird feeds on insects and other small prey and lives in wooded country",
        "img1url": "HalcyonsmyrnensisKeralaCIndia-img1.webp",
        "img2url": "WhitethroatedKingfisherHalcyonsmyrnensisNilambur-img2.webp",
        "thlink": "https://www.thehindu.com/sci-tech/energy-and-environment/why-the-white-throated-kingfisher-isnt-like-any-other-kingfisher/article29628131.ece"
    },
    {
        "bird": "Asian Pied Starling",
        "city": "Kolkata,Raipur",
        "category": "Common birds",
        "img1": "https://upload.wikimedia.org/wikipedia/commons/f/fe/Asian_Pied_Starling_Gracupica_contra_by_Dr._Raju_Kasambe_DSC_3506_%288%29.webp",
        "img2": "https://upload.wikimedia.org/wikipedia/commons/2/2e/A_Pair_of_Asian_Pied_Starlings_in_Flight_%2851436634700%29.webp",
        "fact": "The starling birds get their names from the way they look like stars when in flight, with pointed wings and short tails",
        "img1url": "AsianPiedStarlingGracupicacontrabyDrRajuKasambeDSC-img1.webp",
        "img2url": "APairofAsianPiedStarlingsinFlight-img2.webp"
    },
    {
        "bird": "Black Kite",
        "city": "Ahmedabad,Raipur,Bengaluru,Mumbai,Dehradun,Kolkata",
        "category": "Common birds",
        "img1": "https://upload.wikimedia.org/wikipedia/commons/f/ff/Black_kite_%288520975524%29.webp",
        "img2": "https://upload.wikimedia.org/wikipedia/commons/c/c4/Black_Kite_I2_IMG_0992.webp",
        "fact": "Black kites were previously hunting birds, but now they feed on dead scraps in cities and garbage dumps.",
        "img1url": "Blackkite-img1.webp",
        "img2url": "BlackKiteIIMG-img2.webp",
        "thlink": "https://www.thehindu.com/sci-tech/energy-and-environment/how-the-black-kite-turned-from-hunter-to-scavenger/article29844116.ece"
    },
    {
        "bird": "Green Bee-eater",
        "city": "Raipur,Bengaluru,Gandhinagar",
        "category": "Common birds",
        "img1": "https://upload.wikimedia.org/wikipedia/commons/f/f7/African_Green_Bee-eater%2C_Saluja_and_Ghazal_Reserve%2C_Aswan%2C_Egypt.webp",
        "img2": "https://upload.wikimedia.org/wikipedia/commons/3/39/Merops_orientalis.webp",
        "fact": "I've noticed that even though I observe Green Bee-eater from a distance, they keep a keen eye on me, and do not enter the nest until I move away - a predator-avoidance behaviour that was new to me",
        "img1url": "AfricanGreenBeeeaterCSalujaandGhazalReserveCAswanCEgypt-img2.webp",
        "img2url": "AfricanGreenBeeeaterCSalujaandGhazalReserveCAswanCEgypt-img2.webp",
        "thlink": "https://www.thehindu.com/sci-tech/energy-and-environment/green-bee-eater-eats-insects/article32459788.ece"
    },
    {
        "bird": "Indian Robin",
        "city": "Raipur,Bhopal",
        "category": "Common birds",
        "img1": "https://upload.wikimedia.org/wikipedia/commons/a/a5/Indian_Robin_%28Saxicoloides_fulicata%29_in_Kawal%2C_AP_W_IMG_2031.webp",
        "img2": "https://upload.wikimedia.org/wikipedia/commons/2/29/Indian_Robin_%28Saxicoloides_fulicata%29-_Male_with_feed_for_Immature_W_IMG_8064.webp",
        "fact": "The males of the northern subspecies have brown backs whose extent gradually reduces southwards, with the males of the southern subspecies having all-black backs",
        "img1url": "IndianRobinSaxicoloidesfulicatainKawalCAPWIMG-img1.webp",
        "img2url": "IndianRobinSaxicoloidesfulicatainKawalCAPWIMG-img2.webp",
        "thlink": "https://en.wikipedia.org/wiki/Indian_robin"
    },
    {
        "bird": "Little Ringed Plover",
        "city": "Raipur",
        "category": "Common birds",
        "img1": "https://upload.wikimedia.org/wikipedia/commons/3/39/Little_Ringed_Plover_%28Charadrius_dubius%29.webp",
        "img2": "https://upload.wikimedia.org/wikipedia/commons/1/11/A_Little_Ringed_Plover_digging_up_mud_on_the_bank_%2849912443348%29.webp",
        "fact": "Plovers are identified by their characteristic black and white plumage around their heads.",
        "img1url": "LittleRingedPloverCharadriusdubius-img1.webp",
        "img2url": "ALittleRingedPloverdiggingupmudonthebank-img2.webp"
    },
    {
        "bird": "Red-vented Bulbul",
        "city": "Raipur,Bengaluru,Dehradun,Bhopal,Kolkata,Gandhinagar",
        "img1": "https://upload.wikimedia.org/wikipedia/commons/7/7d/Red_vented_bulbul_in_the_action.webp",
        "img2": "https://img.freepik.com/free-photo/closeup-shot-red-vented-bulbul-bird_181624-42695.jpg?w=700&t=st=1708925775~exp=1708926375~hmac=9b8a504c5f1c45b8d6374a3640cbdc41b33195ca7e2b027b2562a02aa6612f46",
        "category": "Common birds",
        "fact": "The word 'bulbul' means a nightingale in Hindi, but the word does not actually denote a nightingale in this case",
        "img1url": "pxRedventedbulbulPycnonotuscaferhaemorrhousus-img1.webp",
        "img2url": "pxRedventedbulbulPycnonotuscaferhaemorrhousus-img2.webp"
    },
    {
        "bird": "Coppersmith Barbet",
        "city": "Mumbai,Raipur",
        "category": "Common birds",
        "img1": "https://upload.wikimedia.org/wikipedia/commons/f/fd/Coppersmith_Barbet_%28Megalaima_haemacephala%29_by_Shantanu_Kuveskar.webp",
        "img2": "https://upload.wikimedia.org/wikipedia/commons/3/31/Coppersmith_Barbet.webp",
        "fact": "The bird utters a loud metallic, repetitive tuk-tuk-tuk , reminiscent of a sound a coppersmith makes while beating a sheet with a hammer",
        "img1url": "CoppersmithBarbetMegalaimahaemacephalabyShantanuKuveskar-img1.webp",
        "img2url": "CoppersmithBarbet-img2.webp",
        "thlink": "https://www.thehindu.com/sci-tech/energy-and-environment/bright-colours-and-loud-noises-the-coppersmith-barbet-is-a-treat-to-watch/article30038137.ece"
    },
    {
        "bird": "Paddyfield Pipit",
        "city": "Raipur",
        "category": "Common birds",
        "img1": "https://upload.wikimedia.org/wikipedia/commons/a/a8/Paddyfield_pipit_from_Dhaka.webp",
        "img2": "https://upload.wikimedia.org/wikipedia/commons/9/97/Paddyfield_Pipit_%28Anthus_rufulus%29_near_Hyderabad_W_IMG_4925.webp",
        "fact": "Paddyfield pipits are easily mistaken for other species due to their wide variety of calls and plumage variations",
        "img1url": "PaddyfieldpipitfromDhaka-img1.webp",
        "img2url": "PaddyfieldPipitAnthusrufulusnearHyderabadWIMG-img2.webp"
    },
    {
        "bird": "Indian Peafowl",
        "audio": "Indian-Peafowl.mp3",
        "city": "Dehradun,Gandhinagar",
        "category": "Common birds",
        "img1": "https://upload.wikimedia.org/wikipedia/commons/e/e7/Indian_peafowl%2CPavo_cristatus.webp",
        "img2": "https://upload.wikimedia.org/wikipedia/commons/e/ed/Indian_Peafowl_%2824143620796%29.webp",
        "fact": "The Indian peafowl is one of the birds that are showing significant increasing population trends in India",
        "img1url": "IndianpeafowlCPavocristatus-img1.webp",
        "img2url": "IndianPeafowl-img2.webp"
    },
    {
        "bird": "Red-wattled Lapwing",
        "city": "Ahmedabad,Bhopal,Jaipur,Dehradun,Chennai,Gandhinagar",
        "category": "Common birds",
        "img1": "https://upload.wikimedia.org/wikipedia/commons/3/38/Red-wattled_lapwing.webp",
        "img2": "https://upload.wikimedia.org/wikipedia/commons/9/91/Red_wattled_Lapwing_I_IMG_0607.webp",
        "fact": "The name lapwing has been variously attributed to the \"lapping\" sound its wings make in flight, from the irregular progress in flight due to its large wings",
        "img1url": "Redwattledlapwing-img1.webp",
        "img2url": "RedwattledLapwingIIMG-img2.webp",
        "thlink": "https://en.wikipedia.org/wiki/Red-wattled_lapwing"
    },
    {
        "bird": "Rose-ringed Parakeet",
        "audio": "Rose-ringed-Parakeet.mp3",
        "city": "Ahmedabad,Bengaluru,Mumbai,Dehradun,Kolkata,Chennai,Gandhinagar",
        "category": "Common birds",
        "img1": "https://upload.wikimedia.org/wikipedia/commons/7/70/Rose-ringed_Parakeets_%28Male_%26_Female%29-_During_Foreplay_at_Hodal_I_Picture_0034.webp",
        "img2": "https://upload.wikimedia.org/wikipedia/commons/5/56/A_Rose_Ringed_Parakeet_flying_over_a_Field_%2851378028489%29.webp",
        "fact": "One of the most resilient birds, able to thrive in harsh urban landscapes as well as low winter temperatures",
        "img1url": "RoseringedParakeetsMaleFemaleDuringForeplayatHodalIPicture-img1.webp",
        "img2url": "ARoseRingedParakeetflyingoveraField-img2.webp",
        "thlink": "https://www.thehindu.com/sci-tech/energy-and-environment/this-bird-is-upsetting-the-balance-of-delhis-bird-population/article30297507.ece"
    },
    {
        "bird": "Black-winged Stilt",
        "city": "Dehradun",
        "category": "Common birds",
        "img1": "https://upload.wikimedia.org/wikipedia/commons/d/da/Himantopus_himantopus_-_Black-winged_Stilt_09.webp",
        "img2": "https://upload.wikimedia.org/wikipedia/commons/b/be/Black-winged_stilt.webp",
        "fact": "Stilts get their name from their long legs, which make them look like they're standing on stilts",
        "img1url": "HimantopushimantopusBlackwingedStilt-img1.webp",
        "img2url": "Blackwingedstilt-img2.webp"
    },
    {
        "bird": "Common Myna",
        "audio": "Common-Myna.mp3",
        "city": "Ahmedabad,Bengaluru,Thiruvananthapuram,Mumbai,Kolkata,Chennai",
        "category": "Common birds",
        "img1": "https://upload.wikimedia.org/wikipedia/commons/3/3c/Acridotheres_tristis00.webp",
        "img2": "https://upload.wikimedia.org/wikipedia/commons/7/75/Indian-Mynah444.webp",
        "fact": "These birds were once commonly caged and domesticated, often following their masters around the house like dogs. They are good imitators and soon pick up words and sentences, much like parakeets.",
        "img1url": "Acridotherestristis-img1.webp",
        "img2url": "IndianMynah-img2.webp",
        "thlink": "https://www.thehindu.com/life-and-style/homes-and-gardens/birdwatching-from-the-balcony-during-the-coronavirus-lockdown-and-spotting-the-common-myna/article31235294.ece"
    },
    {
        "bird": "Ashy Prinia",
        "city": "Bengaluru",
        "category": "Common birds",
        "img1": "https://upload.wikimedia.org/wikipedia/commons/b/b0/Ashy_prinia_near_Chandigarh.webp",
        "img2": "https://upload.wikimedia.org/wikipedia/commons/e/e3/Ashy_Prinia_%28Prinia_socialis%29%2C_Mangaon%2C_Maharashtra%2C_India%2C_by_Shantanu_Kuveskar.webp",
        "fact": "A mysterious sound that most Prinias (other species as well) make are a sort of clapping frap-frap sound, when in flight. Some naturalists say it’s the snapping of the tail, others that the birds make it with their beaks, and still others feel it’s the beating of the wings with the tail.",
        "img1url": "AshyprinianearChandigarh-img1.webp",
        "img2url": "AshyPriniaPriniasocialisCMangaonCMaharashtraCIndiaCbyShantanuKuveskar-img2.webp",
        "thlink": "https://www.thehindu.com/sci-tech/energy-and-environment/ashy-prinia-is-ready-to-mingle/article31580575.ece"
    },
    {
        "bird": "Red-whiskered Bulbul",
        "city": "Bengaluru,Thiruvananthapuram",
        "category": "Common birds",
        "img1": "https://upload.wikimedia.org/wikipedia/commons/b/bf/Red-whiskered_bulbul_%28Pycnonotus_jocosus%29_Reunion.webp",
        "img2": "https://upload.wikimedia.org/wikipedia/commons/a/a9/Red-Whiskered_Bulbul_with_Chick.webp",
        "fact": "This bird was often traded in Asia, so a number are escapees.",
        "img1url": "RedwhiskeredbulbulPycnonotusjocosusReunion-img1.webp",
        "img2url": "RedWhiskeredBulbulwithChick-img2.webp",
        "thlink": "https://www.thehindu.com/sci-tech/energy-and-environment/the-urban-songbird-on-the-red-whiskered-bulbul/article30808051.ece"
    },
    {
        "bird": "Spotted Dove",
        "city": "Bengaluru,Kolkata",
        "category": "Common birds",
        "img1": "https://upload.wikimedia.org/wikipedia/commons/a/a7/Spotted_Dove_%28Streptopelia_chinensis%29_on_a_Kapok_%28Ceiba_pentandra%29_tree_in_Kolkata_W_IMG_3476.webp",
        "img2": "https://upload.wikimedia.org/wikipedia/commons/c/cf/Streptopelia_chinensis-flying.webp",
        "fact": "The birds have characteristic spots on the back of their neck",
        "img1url": "SpottedDoveStreptopeliachinensisonaKapokCeibapentandratreeinKolkataWIMG-img1.webp",
        "img2url": "Streptopeliachinensisflying-img2.webp"
    },
    {
        "bird": "Brahminy Kite",
        "city": "Bengaluru",
        "category": "Common birds",
        "img1": "https://upload.wikimedia.org/wikipedia/commons/6/65/Brahminy_Kite.webp",
        "img2": "https://upload.wikimedia.org/wikipedia/commons/2/29/Brahminy_kite_bird.webp",
        "fact": "This kite is seen as a representation of Garuda, or Lord Vishnu's mount, by some people",
        "img1url": "BrahminyKite-img1.webp",
        "img2url": "Brahminykitebird-img2.webp",
        "thlink": "https://www.thehindu.com/news/cities/Coimbatore/villagers-give-ceremonial-funeral-to-brahminy-kite-in-coimbatore-district/article67285899.ece"
    },
    {
        "bird": "White-cheeked Barbet",
        "city": "Bengaluru,Thiruvananthapuram",
        "category": "Common birds",
        "img1": "https://upload.wikimedia.org/wikipedia/commons/3/38/BarbetRictalBristle.webp",
        "img2": "https://upload.wikimedia.org/wikipedia/commons/e/e4/White_cheeked_barbet%28_Megalaima_viridis%29_2.webp",
        "fact": "At the start of our Indian summer, which is their breeding season, their calls become loud and constant, especially in the mornings.",
        "img1url": "BarbetRictalBristle-img1.webp",
        "img2url": "WhitecheekedbarbetMegalaimaviridis-img2.webp",
        "thlink": "https://www.thehindu.com/features/metroplus/heres-mrwhiskers/article2860356.ece"
    },
    {
        "bird": "Greater Racket-tailed Drongo",
        "city": "Thiruvananthapuram",
        "category": "Common birds",
        "img1": "https://upload.wikimedia.org/wikipedia/commons/2/26/Greater_Racket-tailed_Drongo_in_flight.webp",
        "img2": "https://upload.wikimedia.org/wikipedia/commons/1/10/A_flying_greater_racket-tailed_drongo.webp",
        "fact": "These birds join hunting parties of babblers, bulbuls, and warblers. While other birds do the foraging, the Drongos simply snatch the prey when it becomes visible.",
        "img1url": "GreaterRackettailedDrongoinflight-img1.webp",
        "img2url": "Aflyinggreaterrackettaileddrongo-img2.webp",
        "thlink": "https://www.thehindu.com/sci-tech/energy-and-environment/its-a-frog-its-a-squirrel-its-a-drongo/article26608547.ece"
    },
    {
        "bird": "Rufous Treepie",
        "city": "Thiruvananthapuram,Kolkata",
        "category": "Common birds",
        "img1": "https://upload.wikimedia.org/wikipedia/commons/1/15/Rufous-Treepie_bird.webp",
        "img2": "https://upload.wikimedia.org/wikipedia/commons/b/b5/Rufous_treepie_on_a_coconut_frond_pictured_in_Thiruvananthapuram%2C_Kerala.webp",
        "fact": "The bird has been observed riding the Sambar Deer and Spotted Deer to feed on insects on the deer's skin.",
        "img1url": "RufousTreepiebird-img1.webp",
        "img2url": "RufoustreepieonacoconutfrondpicturedinThiruvananthapuramCKerala-img2.webp",
        "thlink": "https://www.thehindu.com/sci-tech/energy-and-environment/the-crow-that-likes-to-sing/article30347317.ece"
    },
    {
        "bird": "Vernal Hanging Parrot",
        "city": "Thiruvananthapuram",
        "category": "Common birds",
        "img1": "https://upload.wikimedia.org/wikipedia/commons/a/a9/Vernal_Hanging_Parrot_jpeg.webp",
        "img2": "https://upload.wikimedia.org/wikipedia/commons/0/09/Flying_Vernal_Hanging_Parrot.webp",
        "fact": "These birds can sleep while hanging upside down, much like bats, and so, they're also called 'bat parrots'",
        "img1url": "VernalHangingParrotjpeg-img1.webp",
        "img2url": "FlyingVernalHangingParrot-img2.webp"
    },
    {
        "bird": "Asian Fairy-bluebird",
        "city": "Thiruvananthapuram",
        "category": "Common birds",
        "img1": "https://upload.wikimedia.org/wikipedia/commons/3/3f/Fairy_bluebird_male_-_Irena_puella.webp",
        "img2": "https://upload.wikimedia.org/wikipedia/commons/a/a1/Asian_Fairy_Bluebird_%28Irena_puella%29_taking_off_from_Peepal_%28Ficus_religiosa%29_at_Jayanti%2C_Duars%2C_WB_W_Picture_434.webp",
        "fact": "While females have dull blue plumage, males have black and blue plumage",
        "img1url": "FairybluebirdmaleIrenapuella-img1.webp",
        "img2url": "AsianFairyBluebirdIrenapuellatakingofffromPeepalFicusreligiosaatJayantiCDuarsCWBWPicture-img2.webp"
    },
    {
        "bird": "Grey Junglefowl",
        "city": "Thiruvananthapuram",
        "category": "Common birds",
        "img1": "https://upload.wikimedia.org/wikipedia/commons/2/23/Grey_Junglefowl_by_Samad_Kottur.webp",
        "img2": "https://upload.wikimedia.org/wikipedia/commons/2/27/Grey_Junglefowl_%2826421564728%29.webp",
        "fact": "The gray junglefowl is one of the wild ancestors of the domestic chicken together with the red junglefowl and other junglefowls",
        "img1url": "GreyJunglefowlbySamadKottur-img1.webp",
        "img2url": "GreyJunglefowl-img2.webp",
        "thlink": "https://en.wikipedia.org/wiki/Grey_junglefowl"
    },
    {
        "bird": "Nilgiri Flowerpecker",
        "city": "Thiruvananthapuram",
        "category": "Common birds",
        "img1": "https://upload.wikimedia.org/wikipedia/commons/8/85/Nilgiri_flower_Pecker.webp",
        "img2": "https://upload.wikimedia.org/wikipedia/commons/c/c6/Nilgiri_flowerpecker-4_%28cropped%29.webp",
        "fact": "The Nilgiri flowerpecker is a tiny bird in the flowerpecker family. It's only 9 cm long",
        "img1url": "NilgiriflowerPecker-img1.webp",
        "img2url": "Nilgiriflowerpeckercropped-img2.webp"
    },
    {
        "bird": "Southern Hill Myna",
        "city": "Thiruvananthapuram",
        "category": "Common birds",
        "img2": "https://upload.wikimedia.org/wikipedia/commons/1/1c/KG_SHM.webp",
        "fact": "Along with common mynas, southern hill mynas are also heavily trafficked forest areas in Maharashtra, Uttar Pradesh, Bihar, West Bengal and Himachal Pradesh.",
        "img2url": "KGSHM-img2.webp",
        "thlink": "https://www.thehindu.com/news/cities/chennai/chen-society/chennai-is-hub-of-exotic-bird-trade/article6070524.ece"
    },
    {
        "bird": "Yellow-browed Bulbul",
        "city": "Thiruvananthapuram",
        "category": "Common birds",
        "img1": "https://upload.wikimedia.org/wikipedia/commons/0/09/Yellow_browed_bulbul.webp",
        "img2": "https://upload.wikimedia.org/wikipedia/commons/d/d3/Yellow_browed_bulbul_.webp",
        "fact": "The word 'bulbul' means a nightingale in Hindi, but the word does not actually denote a nightingale in this case",
        "img1url": "Yellowbrowedbulbul-img1.webp",
        "img2url": "Yellowbrowedbulbul-img2.webp"
    },
    {
        "bird": "Purple Sunbird",
        "city": "Ahmedabad,Bhopal",
        "category": "Common birds",
        "img1": "https://upload.wikimedia.org/wikipedia/commons/c/c1/Purple_Sunbird_%28Cinnyris_asiaticus%29_at_Kapok_%28Ceiba_pentandra%29_in_Kolkata_W_IMG_3836.webp",
        "img2": "https://upload.wikimedia.org/wikipedia/commons/1/11/Purple_sunbird.webp",
        "fact": "They have a fast and direct flight and thus are capable of hovering around flowers like hummingbirds do, to sip on their nectar",
        "img1url": "PurpleSunbirdCinnyrisasiaticusatKapokCeibapentandrainKolkataWIMG-img1.webp",
        "img2url": "Purplesunbird-img2.webp",
        "thlink": "https://www.thehindu.com/sci-tech/energy-and-environment/the-purple-sunbird-is-a-bird-that-turns-colour-in-spring/article31413380.ece"
    },
    {
        "bird": "Greater Coucal",
        "city": "Bhopal",
        "category": "Common birds",
        "img1": "https://upload.wikimedia.org/wikipedia/commons/6/68/Greater_coucal_%282%29.webp",
        "img2": "https://upload.wikimedia.org/wikipedia/commons/5/5c/Greater_coucal_crop.webp",
        "fact": "The bird occassionally pilfers eggs from other species, like small snakes",
        "img1url": "Greatercoucal-img1.webp",
        "img2url": "Greatercoucalcrop-img2.webp",
        "thlink": "https://www.thehindu.com/life-and-style/the-greater-coucal-is-found-on-nature-trails-in-delhi-ncr/article32109297.ece"
    },
    {
        "bird": "Oriental Magpie Robin",
        "city": "Bhopal",
        "category": "Common birds",
        "img1": "https://upload.wikimedia.org/wikipedia/commons/8/8b/Oriental_Magpie_Robin_%28Copsychus_saularis%29-_Male_calling_in_the_rain_at_Kolkata_I_IMG_3746.webp",
        "img2": "https://upload.wikimedia.org/wikipedia/commons/e/e0/Oriental_magpie_robin_%28Copsychus_saularis%29_male_Pokhara.webp",
        "fact": "These birds were once kept in cages because of their singing, and were also used for fighting matches. Both are now illegal in India",
        "img1url": "OrientalMagpieRobinCopsychussaularisMalecallingintherainatKolkataIIMG-img1.webp",
        "img2url": "OrientalmagpierobinCopsychussaularismalePokhara-img2.webp",
        "thlink": "https://www.thehindu.com/sci-tech/energy-and-environment/the-bird-that-keeps-our-spirits-up/article30748988.ece"
    },
    {
        "bird": "Asian Koel",
        "audio": "Asian-Koel.mp3",
        "city": "Mumbai,Chennai,Kolkata",
        "category": "Common birds",
        "img1": "https://upload.wikimedia.org/wikipedia/commons/4/4a/Asian_koel.webp",
        "img2": "https://upload.wikimedia.org/wikipedia/commons/5/5e/Asian_Koel_%28Eudynamys_scolopacea%29-_Male_close_up_in_Kolkata_I_IMG_7568.webp",
        "fact": "Females lay eggs in nests of similar-sized birds (host) like crows, mynas, jungle babblers and in times of desperation, in nests of considerably smaller birds like the Common Tailorbird, Ashy Prinia.",
        "img1url": "Asiankoel-img1.webp",
        "img2url": "AsianKoelEudynamysscolopaceaMalecloseupinKolkataIIMG-img2.webp",
        "thlink": "https://www.thehindu.com/sci-tech/energy-and-environment/asian-koel-the-puducherry-bird-is-now-breeding-in-delhi/article31640871.ece"
    },
    {
        "bird": "Purple-rumped Sunbird",
        "city": "Mumbai",
        "category": "Common birds",
        "img1": "https://upload.wikimedia.org/wikipedia/commons/0/0a/MG_0800_PRSB_INW.webp",
        "img2": "https://upload.wikimedia.org/wikipedia/commons/4/4c/Purple-rumped_Sunbird_%28Leptocoma_zeylonica%29_feeding_on_Kapok_%28Ceiba_pentandra%29_in_Kolkata_W_IMG_3839.webp",
        "fact": "When breeding, the female is often seen collecting cobwebs, while the male flies besides her. ",
        "img1url": "MGPRSBINW-img1.webp",
        "img2url": "PurplerumpedSunbirdLeptocomazeylonicafeedingonKapokCeibapentandrainKolkataWIMG-img2.webp",
        "thlink": "https://www.thehindu.com/sci-tech/energy-and-environment/a-tiny-tweet-from-nature/article7367532.ece"
    },
    {
        "bird": "Brown-headed Gull",
        "city": "Mumbai",
        "category": "Common birds",
        "img1": "https://upload.wikimedia.org/wikipedia/commons/e/ef/Brown_headed_sea_gull.webp",
        "img2": "https://upload.wikimedia.org/wikipedia/commons/3/3b/Gaviota_capucho_caf%C3%A9.webp",
        "fact": "The brown-headed gulls can form huge flocks",
        "img1url": "Brownheadedseagull-img1.webp",
        "img2url": "GaviotacapuchocafCA-img2.webp",
        "thlink": "https://www.thehindu.com/society/how-about-a-date-with-seagulls-at-ecr/article33888344.ece"
    },
    {
        "bird": "Common Tailorbird",
        "city": "Mumbai,Dehradun,Kolkata",
        "category": "Common birds",
        "img1": "https://upload.wikimedia.org/wikipedia/commons/6/6d/26._Common_tailorbird_%28Orthotomus_sutorius%29_photograph_by_Shantanu_Kuveskar.webp",
        "img2": "https://upload.wikimedia.org/wikipedia/commons/2/2b/CommonTailorbird_DSCN8947.webp",
        "fact": "These birds make their nests by threading together leaves using natural threads, like a tailor's stitch",
        "img1url": "CommontailorbirdOrthotomussutoriusphotographbyShantanuKuveskar-img1.webp",
        "img2url": "CommonTailorbirdDSCN-img2.webp"
    },
    {
        "bird": "House Sparrow",
        "audio": "House-Sparrow.mp3",
        "city": "Mumbai",
        "category": "Common birds",
        "img1": "https://upload.wikimedia.org/wikipedia/commons/9/9e/House_Sparrow_%28M%29_I_IMG_7881.webp",
        "img2": "https://upload.wikimedia.org/wikipedia/commons/1/18/House_sparrow_Nepal.webp",
        "fact": "Declines in the sparrow's population has worried conversationists",
        "img1url": "HouseSparrowMIIMG-img1.webp",
        "img2url": "HousesparrowNepal-img2.webp",
        "thlink": "https://www.thehindu.com/sci-tech/energy-and-environment/how-the-house-sparrows-have-returned-to-the-backyards-in-india/article66619802.ece"
    },
    {
        "bird": "Grey Heron",
        "city": "Jaipur",
        "category": "Common birds",
        "img1": "https://upload.wikimedia.org/wikipedia/commons/7/74/Grey_heron_%28Ardea_cinerea%29_flying_02.webp",
        "img2": "https://upload.wikimedia.org/wikipedia/commons/d/d5/Grey_Heron._AMSM4086.webp",
        "fact": "Herons have a habit of excreting when taking flight in alarm",
        "img1url": "GreyheronArdeacinereaflying-img1.webp",
        "img2url": "GreyHeronAMSM-img2.webp",
        "thlink": "https://en.wikipedia.org/wiki/Grey_heron"
    },
    {
        "bird": "Great Egret",
        "city": "Jaipur",
        "category": "Common birds",
        "img1": "https://upload.wikimedia.org/wikipedia/commons/d/da/Great_Egret_Flying.webp",
        "img2": "https://upload.wikimedia.org/wikipedia/commons/0/06/Ardea_modesta.webp",
        "fact": "\"I still am amazed at how the bird can maintain that snowy white [breeding] plumage even in muddy waters,” says an avid birder, Deepa mohan",
        "img1url": "GreatEgretFlying-img1.webp",
        "img2url": "Ardeamodesta-img2.webp",
        "thlink": "https://www.thehindu.com/features/metroplus/majestic-white-birds/article7674059.ece"
    },
    {
        "bird": "Little Grebe",
        "city": "Jaipur",
        "category": "Common birds",
        "img1": "https://upload.wikimedia.org/wikipedia/commons/8/81/Little_grebe_%28winter_plumage%29.webp",
        "img2": "https://upload.wikimedia.org/wikipedia/commons/9/9a/Non_breeding_Little_Grebe.webp",
        "fact": "Little grebes are among birds that carry their young to safety when danger — perceived or real — looms on the horizon.",
        "img1url": "Littlegrebewinterplumage-img1.webp",
        "img2url": "NonbreedingLittleGrebe-img2.webp",
        "thlink": "https://www.thehindu.com/sci-tech/energy-and-environment/what-little-grebes-teach-us-about-parenting/article30433105.ece"
    },
    {
        "bird": "Little Egret",
        "city": "Chennai",
        "category": "Common birds",
        "img1": "https://upload.wikimedia.org/wikipedia/commons/3/31/Little_Egret_%28Egretta_garzetta%29_in_AP_W_IMG_3625.webp",
        "img2": "https://upload.wikimedia.org/wikipedia/commons/b/b2/LittleEgret-OneLeg.webp",
        "fact": "Breeding plumage from little egrets were used in European women's headdresses, sometimes fetching ten times their weight in silver.",
        "img1url": "LittleEgretEgrettagarzettainAPWIMG-img1.webp",
        "img2url": "LittleEgretOneLeg-img2.webp",
        "thlink": "https://www.thehindu.com/news/cities/Vijayawada/breeding-of-little-egrets-begins/article3468656.ece"
    },
    {
        "bird": "Spot-billed Pelican",
        "city": "Chennai",
        "category": "Common birds",
        "img1": "https://upload.wikimedia.org/wikipedia/commons/9/9e/Spot-billed_Pelican_%28Pelecanus_philippensis%29_at_Uppalapadu_in_AP_W_IMG_2831.webp",
        "img2": "https://upload.wikimedia.org/wikipedia/commons/2/23/A_Spot_Billed_Pelican_in_Flight_%2850934138553%29.webp",
        "fact": "The bird gets its name from the spots on its bill",
        "img1url": "SpotbilledPelicanPelecanusphilippensisatUppalapaduinAPWIMG-img1.webp",
        "img2url": "ASpotBilledPelicaninFlight-img2.webp"
    },
    {
        "bird": "Grey-headed Swamphen",
        "city": "Chennai",
        "category": "Common birds",
        "img1": "https://upload.wikimedia.org/wikipedia/commons/2/27/Purple_or_Grey-headed_swamphen_Porphyrio_poliocephalus_by_Dr._Raju_Kasambe_DSCN6928_%285%29.webp",
        "img2": "https://upload.wikimedia.org/wikipedia/commons/e/e6/A_Grey_headed_Swamphen_in_Flight_%2851296593520%29.webp",
        "fact": "This bird is also known as purple swamphen",
        "img1url": "PurpleorGreyheadedswamphenPorphyriopoliocephalusbyDrRajuKasambeDSCN-img1.webp",
        "img2url": "AGreyheadedSwampheninFlight-img2.webp"
    },
    {
        "bird": "Jungle Babbler",
        "city": "Dehradun",
        "category": "Common birds",
        "img1": "https://upload.wikimedia.org/wikipedia/commons/b/bd/Jungle_Babbler_I_IMG_9056.webp",
        "img2": "https://upload.wikimedia.org/wikipedia/commons/4/48/Jungle_babbler_%28Turdoides_striata%29_Photograph_by_Shantanu_Kuveskar.webp",
        "fact": "Birds usually travel in a small flock, earning it the name of the \"seven sisters\"",
        "img1url": "JungleBabblerIIMG-img1.webp",
        "img2url": "JunglebabblerTurdoidesstriataPhotographbyShantanuKuveskar-img2.webp"
    },
    {
        "bird": "Himalayan Bulbul",
        "city": "Dehradun",
        "category": "Common birds",
        "img1": "https://upload.wikimedia.org/wikipedia/commons/f/f3/Himalayan_Bulbul_%2814362993178%29.webp",
        "img2": "https://upload.wikimedia.org/wikipedia/commons/3/34/Himalayan_bulbul_%28Pycnonotus_leucogenys%29_Cropped.webp",
        "fact": "The word 'bulbul' means a nightingale in Hindi, but the word does not actually denote a nightingale in this case",
        "img1url": "HimalayanBulbul-img1.webp",
        "img2url": "HimalayanbulbulPycnonotusleucogenysCropped-img2.webp"
    },
    {
        "bird": "Indian White-eye",
        "city": "Dehradun,Lakshadweep",
        "category": "Common birds",
        "img1": "https://upload.wikimedia.org/wikipedia/commons/9/91/Indian_white-eye_at_Satchari_National_Park.webp",
        "img2": "https://upload.wikimedia.org/wikipedia/commons/5/56/Oriental_White_Eye_%28Zosterops_palpebrosus%29_95.webp",
        "fact": "Because of pollen from flowers, the bird's foreheads sometimes assume an orangish-red colour (from the usual yellow)",
        "img1url": "IndianwhiteeyeatSatchariNationalPark-img1.webp",
        "img2url": "IndianwhiteeyeatSatchariNationalPark-img2.webp",
        "thlink": "https://www.thehindu.com/sci-tech/energy-and-environment/how-the-oriental-white-eye-adapts-in-delhi/article28722059.ece"
    },
    {
        "bird": "Blue Whistling Thrush",
        "city": "Dehradun",
        "category": "Common birds",
        "img1": "https://upload.wikimedia.org/wikipedia/commons/c/c9/Blue-Whistling_Thrush_East_Sikkim_India_10.05.2014.webp",
        "img2": "https://upload.wikimedia.org/wikipedia/commons/9/95/Blue_Whistling_Thrush_%28Myophonus_caeruleus%29_%2817642744050%29.webp",
        "fact": "The bird is called the \"whistling schoolboy\", stemming from an interpretation of its carefree and rambling whistles.",
        "img1url": "BlueWhistlingThrushEastSikkimIndia-img1.webp",
        "img2url": "BlueWhistlingThrushMyophonuscaeruleus-img2.webp",
        "thlink": "https://www.thehindu.com/features/magazine/Musician-of-the-monsoon/article16879577.ece"
    },
    {
        "bird": "Indian Grey Hornbill",
        "city": "Dehradun",
        "category": "Common birds",
        "img1": "https://upload.wikimedia.org/wikipedia/commons/e/e5/Indian_Grey_Hornbill_at_twilight.webp",
        "img2": "https://upload.wikimedia.org/wikipedia/commons/b/ba/Indian_Grey_Hornbill_%28Ocyceros_birostris%29_Aerial_jousting_at_Nagpur%2C_Maharashtra_%281%29..webp",
        "fact": "During the nesting period, the female seals itself in a large hole of a tree by building a wall with its excreta (with visible fig seeds) and mud-pellets, provided by the male, leaving only a narrow slit open. The male will offer food through the slit, as she will not leave this cavity for the next two to three months. ",
        "img1url": "IndianGreyHornbillattwilight-img1.webp",
        "img2url": "IndianGreyHornbillOcycerosbirostrisAerialjoustingatNagpurCMaharashtra-img2.webp",
        "thlink": "https://www.thehindu.com/sci-tech/energy-and-environment/the-indian-grey-hornbill-the-fig-disperser/article29585822.ece"
    },
    {
        "bird": "Cinereous Tit",
        "city": "Dehradun",
        "category": "Common birds",
        "img1": "https://upload.wikimedia.org/wikipedia/commons/b/b8/Cinereous_tit_%28Parus_cinereus%29_Photograph_by_Shantanu_Kuveskar.webp",
        "img2": "https://upload.wikimedia.org/wikipedia/commons/c/c5/Cinereous_Tit_%28Parus_cinereus%29_%2849226785513%29.webp",
        "fact": "Cinerous' means ash grey, denoting the bird's plumage",
        "img1url": "CinereoustitParuscinereusPhotographbyShantanuKuveskar-img1.webp",
        "img2url": "CinereousTitParuscinereus-img2.webp"
    },
    {
        "bird": "Black-hooded Oriole",
        "city": "Kolkata",
        "category": "Common birds",
        "img1": "https://upload.wikimedia.org/wikipedia/commons/b/bb/Black-hooded_Oriole_%28Oriolus_xanthornus%29_in_Kolkata_I_IMG_7603.webp",
        "img2": "https://upload.wikimedia.org/wikipedia/commons/6/64/Black_hooded_Oriole_I_IMG_7412.webp",
        "fact": "Black hooded orioles get their names from the black plumage around thier eyes and around their neck that looks like a hood",
        "img1url": "BlackhoodedOrioleOriolusxanthornusinKolkataIIMG-img1.webp",
        "img2url": "BlackhoodedOrioleIIMG-img2.webp",
        "thlink": "https://www.thehindu.com/news/national/tamil-nadu/Black-naped-Oriole-sighted/article16085128.ece"
    },
    {
        "bird": "Lesser Sand Plover",
        "city": "Mumbai,Chennai,Lakshadweep",
        "category": "Common birds",
        "img1": "https://upload.wikimedia.org/wikipedia/commons/8/8e/Lesser_Sand_Plover_Charadrius_mongolus_by_Vedant_Kasambe_01.webp",
        "img2": "https://upload.wikimedia.org/wikipedia/commons/0/0d/2008_11_30_kadalundi_999_148_%283073826950%29.webp",
        "fact": "Plovers’ movements have the repetitiveness of programmed toys. Together with their nano dimensions, their walk-pause-walk iteration marked by staccato movements makes them hugely watchable.",
        "img1url": "LesserSandPloverCharadriusmongolusbyVedantKasambe-img1.webp",
        "img2url": "kadalundi-img2.webp",
        "thlink": "https://www.thehindu.com/sci-tech/energy-and-environment/a-mascot-for-inter-tidal-and-buffer-zones/article65931931.ece"
    },
    {
        "bird": "Ruddy Turnstone ",
        "city": "Mumbai,Ahmedabad,Lakshadweep",
        "category": "Common birds",
        "img1": "https://upload.wikimedia.org/wikipedia/commons/d/d3/Arenaria_interpres_2_-_Boat_Harbour_%28cropped%29.webp",
        "img2": "https://upload.wikimedia.org/wikipedia/commons/b/bc/Ruddy_turnstone_%28Arenaria_interpres%29_in_flight_non-breeding.webp",
        "fact": "These birds are known for their careful ad meticulous foraging, and leaving 'no stone unturned'",
        "img1url": "ArenariainterpresBoatHarbourcropped-img1.webp",
        "img2url": "RuddyturnstoneArenariainterpresinflightnonbreeding-img2.webp",
        "thlink": "https://www.thehindu.com/society/it-leaves-no-stone-unturned-in-locating-a-square-meal/article34175977.ece"
    },
    {
        "bird": "Whimbrel",
        "city": "Thiruvananthapuram,Chennai,Lakshadweep",
        "category": "Common birds",
        "img1": "https://upload.wikimedia.org/wikipedia/commons/7/75/Whimbrel_%28Numenius_phaeopus%29-Jon_Knight.webp",
        "img2": "https://upload.wikimedia.org/wikipedia/commons/0/0c/Whimbrel_Numenius_phaeopus.webp",
        "fact": "Like the laughing dove and the hoopoe, the Whimbrel also got its name because of how its call resembles a 'whimper.' Whimper became Whimbrel.",
        "img1url": "WhimbrelNumeniusphaeopusJonKnight-img1.webp",
        "img2url": "WhimbrelNumeniusphaeopus-img2.webp"
    },
    {
        "bird": "Brown Noddy",
        "city": "Ahmedabad,Lakshadweep",
        "category": "Common birds",
        "img1": "https://upload.wikimedia.org/wikipedia/commons/5/5f/Brown_Noddy._%2852888378768%29.webp",
        "img2": "https://upload.wikimedia.org/wikipedia/commons/5/5f/Common_Noddy_1_-_Michaelmas.webp",
        "fact": "The bird gets its name from the characteristic 'nodding' motion it does as part of courtship",
        "img1url": "BrownNoddy-img1.webp",
        "img2url": "CommonNoddyMichaelmas-img2.webp"
    },
    {
        "bird": "Great Crested Tern",
        "city": "Mumbai,Chennai,Lakshadweep",
        "category": "Common birds",
        "img1": "https://upload.wikimedia.org/wikipedia/commons/4/4d/Crested_Tern.webp",
        "img2": "https://upload.wikimedia.org/wikipedia/commons/8/89/Greater_crested_tern_landing.webp",
        "fact": "Terns are built for long-distance flying. The Arctic Tern does an impossible Arctic-to-Antarctic annual “flyathon”.",
        "img1url": "CrestedTern-img1.webp",
        "img2url": "Greatercrestedternlanding-img2.webp",
        "thlink": "https://www.thehindu.com/society/terns-in-chennai/article34116092.ece"
    },
    {
        "bird": "Lesser Crested Tern",
        "city": "Thiruvananthapuram,Lakshadweep",
        "category": "Common birds",
        "img1": "https://upload.wikimedia.org/wikipedia/commons/d/d6/Lesser_crested_terns_%28Thalasseus_bengalensis%29_by_Shantanu_Kuveskar.webp",
        "img2": "https://upload.wikimedia.org/wikipedia/commons/8/8b/Lesser_Crested_Tern_%28Sterna_benghalensis%29_I_IMG_9364.webp",
        "fact": "Terns are built for long-distance flying. The Arctic Tern does an impossible Arctic-to-Antarctic annual “flyathon”.",
        "img1url": "LessercrestedternsThalasseusbengalensisbyShantanuKuveskar-img1.webp",
        "img2url": "LessercrestedternsThalasseusbengalensisbyShantanuKuveskar-img2.webp",
        "thlink": "https://www.thehindu.com/society/terns-in-chennai/article34116092.ece"
    }
]